--1区域分组信息初始化
INSERT INTO CW_DE_NAMESPACE_MIRROR_TAG_REL(ID,NAMESPACE,MIRROR_TAG,REMARK) VALUES ('6b33ca80bd644914a93b22956bc2b453', '农总行', NULL, NULL);
INSERT INTO CW_DE_NAMESPACE_MIRROR_TAG_REL(ID,NAMESPACE,MIRROR_TAG,REMARK) VALUES ('4b60891d7fa341e8a98f647094fd1baf', '农总行', '人脸识别分组-1', NULL);
INSERT INTO CW_DE_NAMESPACE_MIRROR_TAG_REL(ID,NAMESPACE,MIRROR_TAG,REMARK) VALUES ('78f4d5c6137555fb969413df8d8b3590', '农总行', '人脸识别分组-2', NULL);
INSERT INTO CW_DE_NAMESPACE_MIRROR_TAG_REL(ID,NAMESPACE,MIRROR_TAG,REMARK) VALUES ('84f8f52e640553aeac0bb24abf1e040c', '农总行', '人脸识别分组-3', NULL);
INSERT INTO CW_DE_NAMESPACE_MIRROR_TAG_REL(ID,NAMESPACE,MIRROR_TAG,REMARK) VALUES ('e48ab21d898b5724a37a1726493a183a', '农总行', '人脸识别分组-4', NULL);
INSERT INTO CW_DE_NAMESPACE_MIRROR_TAG_REL(ID,NAMESPACE,MIRROR_TAG,REMARK) VALUES ('7e9f6508cdc95dd79de98a4a400701f1', '农总行', '人脸识别分组-5', NULL);
INSERT INTO CW_DE_NAMESPACE_MIRROR_TAG_REL(ID,NAMESPACE,MIRROR_TAG,REMARK) VALUES ('0b17b935cc025f099379087adef50a71', '农总行', '人脸识别分组-6', NULL);
INSERT INTO CW_DE_NAMESPACE_MIRROR_TAG_REL(ID,NAMESPACE,MIRROR_TAG,REMARK) VALUES ('740f6465b89f5e3893eb79ad8a53b782', '农总行', '人脸识别分组-7', NULL);
INSERT INTO CW_DE_NAMESPACE_MIRROR_TAG_REL(ID,NAMESPACE,MIRROR_TAG,REMARK) VALUES ('2566866c7ba552a8934ae64c942266bb', '农总行', '人脸识别分组-8', NULL);
INSERT INTO CW_DE_NAMESPACE_MIRROR_TAG_REL(ID,NAMESPACE,MIRROR_TAG,REMARK) VALUES ('89f555b92fd754c2bd5b6c254c65c46c', '农总行', '人脸识别分组-9', NULL);
INSERT INTO CW_DE_NAMESPACE_MIRROR_TAG_REL(ID,NAMESPACE,MIRROR_TAG,REMARK) VALUES ('9b8b19fe580a5e21ad03b95a7aac75c3', '农总行', '人脸识别分组-10', NULL);

--2机器信息初始化
--2.1识别机器初始化
INSERT INTO CW_DE_MACHINE (ID,NAME,HOST,NAMESPACE,MIRROR_TAG,STATUS,REMARK,CREATE_USER_ID,CREATE_TIME,LAST_UPDATE_USER_ID,LAST_UPDATE_TIME) VALUES ('7b9e9fc4e7f85def85bcb1754e51450d', '识别服务机器1', '10.10.10.10', '农总行', '人脸识别分组-1', '1', NULL, '99999999', '1576287826293', '99999999', '1576287826293');
INSERT INTO CW_DE_MACHINE (ID,NAME,HOST,NAMESPACE,MIRROR_TAG,STATUS,REMARK,CREATE_USER_ID,CREATE_TIME,LAST_UPDATE_USER_ID,LAST_UPDATE_TIME) VALUES ('3937f6ba6acf5293bd5aeb1512954dee', '识别服务机器2', '10.10.10.11', '农总行', '人脸识别分组-1', '1', NULL, '99999999', '1576287826293', '99999999', '1576287826293');
INSERT INTO CW_DE_MACHINE (ID,NAME,HOST,NAMESPACE,MIRROR_TAG,STATUS,REMARK,CREATE_USER_ID,CREATE_TIME,LAST_UPDATE_USER_ID,LAST_UPDATE_TIME) VALUES ('182a2b08635454ad8b674699f2d5d0c3', '识别服务机器3', '10.10.10.12', '农总行', '人脸识别分组-2', '1', NULL, '99999999', '1576287826293', '99999999', '1576287826293');
INSERT INTO CW_DE_MACHINE (ID,NAME,HOST,NAMESPACE,MIRROR_TAG,STATUS,REMARK,CREATE_USER_ID,CREATE_TIME,LAST_UPDATE_USER_ID,LAST_UPDATE_TIME) VALUES ('0b3f6103caee512e9d286306e34554d3', '识别服务机器4', '10.10.10.13', '农总行', '人脸识别分组-2', '1', NULL, '99999999', '1576287826293', '99999999', '1576287826293');
INSERT INTO CW_DE_MACHINE (ID,NAME,HOST,NAMESPACE,MIRROR_TAG,STATUS,REMARK,CREATE_USER_ID,CREATE_TIME,LAST_UPDATE_USER_ID,LAST_UPDATE_TIME) VALUES ('d0184a62141c5e45ae411d40d0e27b3f', '识别服务机器5', '10.10.10.14', '农总行', '人脸识别分组-3', '1', NULL, '99999999', '1576287826293', '99999999', '1576287826293');
INSERT INTO CW_DE_MACHINE (ID,NAME,HOST,NAMESPACE,MIRROR_TAG,STATUS,REMARK,CREATE_USER_ID,CREATE_TIME,LAST_UPDATE_USER_ID,LAST_UPDATE_TIME) VALUES ('89b420e6cc4a50b49a9738fa5b86e39c', '识别服务机器6', '10.10.10.15', '农总行', '人脸识别分组-3', '1', NULL, '99999999', '1576287826293', '99999999', '1576287826293');
INSERT INTO CW_DE_MACHINE (ID,NAME,HOST,NAMESPACE,MIRROR_TAG,STATUS,REMARK,CREATE_USER_ID,CREATE_TIME,LAST_UPDATE_USER_ID,LAST_UPDATE_TIME) VALUES ('2b824bec9ed35f8b9ea3925e1612dba4', '识别服务机器7', '10.10.10.16', '农总行', '人脸识别分组-4', '1', NULL, '99999999', '1576287826293', '99999999', '1576287826293');
INSERT INTO CW_DE_MACHINE (ID,NAME,HOST,NAMESPACE,MIRROR_TAG,STATUS,REMARK,CREATE_USER_ID,CREATE_TIME,LAST_UPDATE_USER_ID,LAST_UPDATE_TIME) VALUES ('4f24ee1bc4415517b2a6b0c484b031f7', '识别服务机器8', '10.10.10.17', '农总行', '人脸识别分组-4', '1', NULL, '99999999', '1576287826293', '99999999', '1576287826293');
INSERT INTO CW_DE_MACHINE (ID,NAME,HOST,NAMESPACE,MIRROR_TAG,STATUS,REMARK,CREATE_USER_ID,CREATE_TIME,LAST_UPDATE_USER_ID,LAST_UPDATE_TIME) VALUES ('39ef25edc0d45be48afaa3509ee2f13f', '识别服务机器9', '10.10.10.18', '农总行', '人脸识别分组-5', '1', NULL, '99999999', '1576287826293', '99999999', '1576287826293');
INSERT INTO CW_DE_MACHINE (ID,NAME,HOST,NAMESPACE,MIRROR_TAG,STATUS,REMARK,CREATE_USER_ID,CREATE_TIME,LAST_UPDATE_USER_ID,LAST_UPDATE_TIME) VALUES ('6024cf0ddfca55bcb2116d095a907ef5', '识别服务机器10', '10.10.10.19', '农总行', '人脸识别分组-5', '1', NULL, '99999999', '1576287826293', '99999999', '1576287826293');
INSERT INTO CW_DE_MACHINE (ID,NAME,HOST,NAMESPACE,MIRROR_TAG,STATUS,REMARK,CREATE_USER_ID,CREATE_TIME,LAST_UPDATE_USER_ID,LAST_UPDATE_TIME) VALUES ('ec4c1868adac5212aad76b85bc96b5a1', '识别服务机器11', '10.10.10.20', '农总行', '人脸识别分组-6', '1', NULL, '99999999', '1576287826293', '99999999', '1576287826293');
INSERT INTO CW_DE_MACHINE (ID,NAME,HOST,NAMESPACE,MIRROR_TAG,STATUS,REMARK,CREATE_USER_ID,CREATE_TIME,LAST_UPDATE_USER_ID,LAST_UPDATE_TIME) VALUES ('cca13aebc1a85d6987fec1a4e6835f2a', '识别服务机器12', '10.10.10.21', '农总行', '人脸识别分组-6', '1', NULL, '99999999', '1576287826293', '99999999', '1576287826293');
INSERT INTO CW_DE_MACHINE (ID,NAME,HOST,NAMESPACE,MIRROR_TAG,STATUS,REMARK,CREATE_USER_ID,CREATE_TIME,LAST_UPDATE_USER_ID,LAST_UPDATE_TIME) VALUES ('ad410072dce95f658f461610ed1dc900', '识别服务机器13', '10.10.10.22', '农总行', '人脸识别分组-7', '1', NULL, '99999999', '1576287826293', '99999999', '1576287826293');
INSERT INTO CW_DE_MACHINE (ID,NAME,HOST,NAMESPACE,MIRROR_TAG,STATUS,REMARK,CREATE_USER_ID,CREATE_TIME,LAST_UPDATE_USER_ID,LAST_UPDATE_TIME) VALUES ('9fbe7f083bce59ad9d285c8af3e0b606', '识别服务机器14', '10.10.10.23', '农总行', '人脸识别分组-7', '1', NULL, '99999999', '1576287826293', '99999999', '1576287826293');
INSERT INTO CW_DE_MACHINE (ID,NAME,HOST,NAMESPACE,MIRROR_TAG,STATUS,REMARK,CREATE_USER_ID,CREATE_TIME,LAST_UPDATE_USER_ID,LAST_UPDATE_TIME) VALUES ('2e0e0088ad46560996853034541c6f0a', '识别服务机器15', '10.10.10.24', '农总行', '人脸识别分组-8', '1', NULL, '99999999', '1576287826293', '99999999', '1576287826293');
INSERT INTO CW_DE_MACHINE (ID,NAME,HOST,NAMESPACE,MIRROR_TAG,STATUS,REMARK,CREATE_USER_ID,CREATE_TIME,LAST_UPDATE_USER_ID,LAST_UPDATE_TIME) VALUES ('a6d758c0777152b2be821703ed566765', '识别服务机器16', '10.10.10.25', '农总行', '人脸识别分组-8', '1', NULL, '99999999', '1576287826293', '99999999', '1576287826293');
INSERT INTO CW_DE_MACHINE (ID,NAME,HOST,NAMESPACE,MIRROR_TAG,STATUS,REMARK,CREATE_USER_ID,CREATE_TIME,LAST_UPDATE_USER_ID,LAST_UPDATE_TIME) VALUES ('dec05e5f94705f71afbeab2f9668de74', '识别服务机器17', '10.10.10.26', '农总行', '人脸识别分组-9', '1', NULL, '99999999', '1576287826293', '99999999', '1576287826293');
INSERT INTO CW_DE_MACHINE (ID,NAME,HOST,NAMESPACE,MIRROR_TAG,STATUS,REMARK,CREATE_USER_ID,CREATE_TIME,LAST_UPDATE_USER_ID,LAST_UPDATE_TIME) VALUES ('c11febc2bb255de5803ed9c0a4cf842a', '识别服务机器18', '10.10.10.27', '农总行', '人脸识别分组-9', '1', NULL, '99999999', '1576287826293', '99999999', '1576287826293');
INSERT INTO CW_DE_MACHINE (ID,NAME,HOST,NAMESPACE,MIRROR_TAG,STATUS,REMARK,CREATE_USER_ID,CREATE_TIME,LAST_UPDATE_USER_ID,LAST_UPDATE_TIME) VALUES ('5050c3a5bf1255f78274fc2dd38abe37', '识别服务机器19', '10.10.10.28', '农总行', '人脸识别分组-10', '1', NULL, '99999999', '1576287826293', '99999999', '1576287826293');
INSERT INTO CW_DE_MACHINE (ID,NAME,HOST,NAMESPACE,MIRROR_TAG,STATUS,REMARK,CREATE_USER_ID,CREATE_TIME,LAST_UPDATE_USER_ID,LAST_UPDATE_TIME) VALUES ('e9c575a977a25e44949eb4ba83f0662f', '识别服务机器20', '10.10.10.29', '农总行', '人脸识别分组-10', '1', NULL, '99999999', '1576287826293', '99999999', '1576287826293');

--2.2特征机器初始化
INSERT INTO CW_DE_MACHINE (ID,NAME,HOST,NAMESPACE,MIRROR_TAG,STATUS,REMARK,CREATE_USER_ID,CREATE_TIME,LAST_UPDATE_USER_ID,LAST_UPDATE_TIME) VALUES ('6c216a02c55058a8bf230111ec249825', '特征服务机器1', '10.10.10.30', '农总行', NULL, '1', NULL, '99999999', '1576287869579', '99999999', '1576287869579');
INSERT INTO CW_DE_MACHINE (ID,NAME,HOST,NAMESPACE,MIRROR_TAG,STATUS,REMARK,CREATE_USER_ID,CREATE_TIME,LAST_UPDATE_USER_ID,LAST_UPDATE_TIME) VALUES ('200e2d138ad2522baef9ab525ec444bb', '特征服务机器2', '10.10.10.31', '农总行', NULL, '1', NULL, '99999999', '1576287869579', '99999999', '1576287869579');
INSERT INTO CW_DE_MACHINE (ID,NAME,HOST,NAMESPACE,MIRROR_TAG,STATUS,REMARK,CREATE_USER_ID,CREATE_TIME,LAST_UPDATE_USER_ID,LAST_UPDATE_TIME) VALUES ('be0c3abfeb4c56aa8d70768b96c87ae7', '特征服务机器3', '10.10.10.32', '农总行', NULL, '1', NULL, '99999999', '1576287869579', '99999999', '1576287869579');
INSERT INTO CW_DE_MACHINE (ID,NAME,HOST,NAMESPACE,MIRROR_TAG,STATUS,REMARK,CREATE_USER_ID,CREATE_TIME,LAST_UPDATE_USER_ID,LAST_UPDATE_TIME) VALUES ('6b92333874ff5be7842acb56a7162876', '特征服务机器4', '10.10.10.33', '农总行', NULL, '1', NULL, '99999999', '1576287869579', '99999999', '1576287869579');
INSERT INTO CW_DE_MACHINE (ID,NAME,HOST,NAMESPACE,MIRROR_TAG,STATUS,REMARK,CREATE_USER_ID,CREATE_TIME,LAST_UPDATE_USER_ID,LAST_UPDATE_TIME) VALUES ('fa7cea42c84457e98a2777b463d5a1e4', '特征服务机器5', '10.10.10.34', '农总行', NULL, '1', NULL, '99999999', '1576287869579', '99999999', '1576287869579');
INSERT INTO CW_DE_MACHINE (ID,NAME,HOST,NAMESPACE,MIRROR_TAG,STATUS,REMARK,CREATE_USER_ID,CREATE_TIME,LAST_UPDATE_USER_ID,LAST_UPDATE_TIME) VALUES ('3783358eaf3454a883af8a8d9b6ddd53', '特征服务机器6', '10.10.10.35', '农总行', NULL, '1', NULL, '99999999', '1576287869579', '99999999', '1576287869579');
INSERT INTO CW_DE_MACHINE (ID,NAME,HOST,NAMESPACE,MIRROR_TAG,STATUS,REMARK,CREATE_USER_ID,CREATE_TIME,LAST_UPDATE_USER_ID,LAST_UPDATE_TIME) VALUES ('d75482a5fe5d59579116462e3c207c41', '特征服务机器7', '10.10.10.36', '农总行', NULL, '1', NULL, '99999999', '1576287869579', '99999999', '1576287869579');
INSERT INTO CW_DE_MACHINE (ID,NAME,HOST,NAMESPACE,MIRROR_TAG,STATUS,REMARK,CREATE_USER_ID,CREATE_TIME,LAST_UPDATE_USER_ID,LAST_UPDATE_TIME) VALUES ('bbe373b344595261b827e023103825e3', '特征服务机器8', '10.10.10.37', '农总行', NULL, '1', NULL, '99999999', '1576287869579', '99999999', '1576287869579');
INSERT INTO CW_DE_MACHINE (ID,NAME,HOST,NAMESPACE,MIRROR_TAG,STATUS,REMARK,CREATE_USER_ID,CREATE_TIME,LAST_UPDATE_USER_ID,LAST_UPDATE_TIME) VALUES ('d64f149aba4f5d34b774f2192c2d7962', '特征服务机器9', '10.10.10.38', '农总行', NULL, '1', NULL, '99999999', '1576287869579', '99999999', '1576287869579');
INSERT INTO CW_DE_MACHINE (ID,NAME,HOST,NAMESPACE,MIRROR_TAG,STATUS,REMARK,CREATE_USER_ID,CREATE_TIME,LAST_UPDATE_USER_ID,LAST_UPDATE_TIME) VALUES ('315b0060dd8d5fc7be90f9fe24b4cd2d', '特征服务机器10', '10.10.10.39', '农总行', NULL, '1', NULL, '99999999', '1576287869579', '99999999', '1576287869579');
INSERT INTO CW_DE_MACHINE (ID,NAME,HOST,NAMESPACE,MIRROR_TAG,STATUS,REMARK,CREATE_USER_ID,CREATE_TIME,LAST_UPDATE_USER_ID,LAST_UPDATE_TIME) VALUES ('5d35da150587564e864eb31cd2503314', '特征服务机器11', '10.10.10.40', '农总行', NULL, '1', NULL, '99999999', '1576287869579', '99999999', '1576287869579');
INSERT INTO CW_DE_MACHINE (ID,NAME,HOST,NAMESPACE,MIRROR_TAG,STATUS,REMARK,CREATE_USER_ID,CREATE_TIME,LAST_UPDATE_USER_ID,LAST_UPDATE_TIME) VALUES ('bb784c23484b5a39a7859880e19f7201', '特征服务机器12', '10.10.10.41', '农总行', NULL, '1', NULL, '99999999', '1576287869579', '99999999', '1576287869579');
INSERT INTO CW_DE_MACHINE (ID,NAME,HOST,NAMESPACE,MIRROR_TAG,STATUS,REMARK,CREATE_USER_ID,CREATE_TIME,LAST_UPDATE_USER_ID,LAST_UPDATE_TIME) VALUES ('f4f1bd6a29d85a2d9b4c930d9bd36589', '特征服务机器13', '10.10.10.42', '农总行', NULL, '1', NULL, '99999999', '1576287869579', '99999999', '1576287869579');
INSERT INTO CW_DE_MACHINE (ID,NAME,HOST,NAMESPACE,MIRROR_TAG,STATUS,REMARK,CREATE_USER_ID,CREATE_TIME,LAST_UPDATE_USER_ID,LAST_UPDATE_TIME) VALUES ('6e5e0e2e7fb75d48b382a479f8886f04', '特征服务机器14', '10.10.10.43', '农总行', NULL, '1', NULL, '99999999', '1576287869579', '99999999', '1576287869579');
INSERT INTO CW_DE_MACHINE (ID,NAME,HOST,NAMESPACE,MIRROR_TAG,STATUS,REMARK,CREATE_USER_ID,CREATE_TIME,LAST_UPDATE_USER_ID,LAST_UPDATE_TIME) VALUES ('214687294dbe5c0683ab1bd4415678b8', '特征服务机器15', '10.10.10.44', '农总行', NULL, '1', NULL, '99999999', '1576287869579', '99999999', '1576287869579');
INSERT INTO CW_DE_MACHINE (ID,NAME,HOST,NAMESPACE,MIRROR_TAG,STATUS,REMARK,CREATE_USER_ID,CREATE_TIME,LAST_UPDATE_USER_ID,LAST_UPDATE_TIME) VALUES ('b004eb0239095591a388a4f9f12d5eaf', '特征服务机器16', '10.10.10.45', '农总行', NULL, '1', NULL, '99999999', '1576287869579', '99999999', '1576287869579');
INSERT INTO CW_DE_MACHINE (ID,NAME,HOST,NAMESPACE,MIRROR_TAG,STATUS,REMARK,CREATE_USER_ID,CREATE_TIME,LAST_UPDATE_USER_ID,LAST_UPDATE_TIME) VALUES ('4525109955895ba6b433fe9ba5802085', '特征服务机器17', '10.10.10.46', '农总行', NULL, '1', NULL, '99999999', '1576287869579', '99999999', '1576287869579');
INSERT INTO CW_DE_MACHINE (ID,NAME,HOST,NAMESPACE,MIRROR_TAG,STATUS,REMARK,CREATE_USER_ID,CREATE_TIME,LAST_UPDATE_USER_ID,LAST_UPDATE_TIME) VALUES ('c42958d6f56e560c9eb6a6b414a81f6f', '特征服务机器18', '10.10.10.47', '农总行', NULL, '1', NULL, '99999999', '1576287869579', '99999999', '1576287869579');
INSERT INTO CW_DE_MACHINE (ID,NAME,HOST,NAMESPACE,MIRROR_TAG,STATUS,REMARK,CREATE_USER_ID,CREATE_TIME,LAST_UPDATE_USER_ID,LAST_UPDATE_TIME) VALUES ('2e896aff794d5e4090b94c9dd6f6547c', '特征服务机器19', '10.10.10.48', '农总行', NULL, '1', NULL, '99999999', '1576287869579', '99999999', '1576287869579');
INSERT INTO CW_DE_MACHINE (ID,NAME,HOST,NAMESPACE,MIRROR_TAG,STATUS,REMARK,CREATE_USER_ID,CREATE_TIME,LAST_UPDATE_USER_ID,LAST_UPDATE_TIME) VALUES ('578279b8caf6534ebd1f2ec39fbf405b', '特征服务机器20', '10.10.10.49', '农总行', NULL, '1', NULL, '99999999', '1576287869579', '99999999', '1576287869579');

--3初始化服务
--3.1初始人脸识别服务
INSERT INTO CW_DE_SERVICE (SERVICE_ID,PORT,SERVICE_TYPE,SERVICE_ATTR,MACHINE_ID,STATUS,HEARTBEAT_TIME,REMARK,CREATE_USER_ID,CREATE_TIME,LAST_UPDATE_USER_ID,LAST_UPDATE_TIME,SERVICE_VERSION,SERVICE_GROUP) VALUES ('0aa23fa1fae65f45a3ee28c2253f0c36', '23001', 'sbfwhot', '{}', '7b9e9fc4e7f85def85bcb1754e51450d', '1', NULL, NULL, '99999999', '1576287907830', '99999999', '1576287907830', '3.4', '人脸');
INSERT INTO CW_DE_SERVICE (SERVICE_ID,PORT,SERVICE_TYPE,SERVICE_ATTR,MACHINE_ID,STATUS,HEARTBEAT_TIME,REMARK,CREATE_USER_ID,CREATE_TIME,LAST_UPDATE_USER_ID,LAST_UPDATE_TIME,SERVICE_VERSION,SERVICE_GROUP) VALUES ('95114a34e58a5a05b15ee1456b4ef37c', '23001', 'sbfwhot', '{}', '3937f6ba6acf5293bd5aeb1512954dee', '1', NULL, NULL, '99999999', '1576287907830', '99999999', '1576287907830', '3.4', '人脸');
INSERT INTO CW_DE_SERVICE (SERVICE_ID,PORT,SERVICE_TYPE,SERVICE_ATTR,MACHINE_ID,STATUS,HEARTBEAT_TIME,REMARK,CREATE_USER_ID,CREATE_TIME,LAST_UPDATE_USER_ID,LAST_UPDATE_TIME,SERVICE_VERSION,SERVICE_GROUP) VALUES ('1587f10acd605077b8d278157c5879a1', '23001', 'sbfwhot', '{}', '182a2b08635454ad8b674699f2d5d0c3', '1', NULL, NULL, '99999999', '1576287907830', '99999999', '1576287907830', '3.4', '人脸');
INSERT INTO CW_DE_SERVICE (SERVICE_ID,PORT,SERVICE_TYPE,SERVICE_ATTR,MACHINE_ID,STATUS,HEARTBEAT_TIME,REMARK,CREATE_USER_ID,CREATE_TIME,LAST_UPDATE_USER_ID,LAST_UPDATE_TIME,SERVICE_VERSION,SERVICE_GROUP) VALUES ('f4bb8671db415ce5bc2de38f753e851b', '23001', 'sbfwhot', '{}', '0b3f6103caee512e9d286306e34554d3', '1', NULL, NULL, '99999999', '1576287907830', '99999999', '1576287907830', '3.4', '人脸');
INSERT INTO CW_DE_SERVICE (SERVICE_ID,PORT,SERVICE_TYPE,SERVICE_ATTR,MACHINE_ID,STATUS,HEARTBEAT_TIME,REMARK,CREATE_USER_ID,CREATE_TIME,LAST_UPDATE_USER_ID,LAST_UPDATE_TIME,SERVICE_VERSION,SERVICE_GROUP) VALUES ('b0bfc1bbb526565db507929665fae00d', '23001', 'sbfwhot', '{}', 'd0184a62141c5e45ae411d40d0e27b3f', '1', NULL, NULL, '99999999', '1576287907830', '99999999', '1576287907830', '3.4', '人脸');
INSERT INTO CW_DE_SERVICE (SERVICE_ID,PORT,SERVICE_TYPE,SERVICE_ATTR,MACHINE_ID,STATUS,HEARTBEAT_TIME,REMARK,CREATE_USER_ID,CREATE_TIME,LAST_UPDATE_USER_ID,LAST_UPDATE_TIME,SERVICE_VERSION,SERVICE_GROUP) VALUES ('0b4892e321ee5b6f9c1ee9ff630e19fa', '23001', 'sbfwhot', '{}', '89b420e6cc4a50b49a9738fa5b86e39c', '1', NULL, NULL, '99999999', '1576287907830', '99999999', '1576287907830', '3.4', '人脸');
INSERT INTO CW_DE_SERVICE (SERVICE_ID,PORT,SERVICE_TYPE,SERVICE_ATTR,MACHINE_ID,STATUS,HEARTBEAT_TIME,REMARK,CREATE_USER_ID,CREATE_TIME,LAST_UPDATE_USER_ID,LAST_UPDATE_TIME,SERVICE_VERSION,SERVICE_GROUP) VALUES ('08f0623e739451f8b2c485ff53cd78f2', '23001', 'sbfwhot', '{}', '2b824bec9ed35f8b9ea3925e1612dba4', '1', NULL, NULL, '99999999', '1576287907830', '99999999', '1576287907830', '3.4', '人脸');
INSERT INTO CW_DE_SERVICE (SERVICE_ID,PORT,SERVICE_TYPE,SERVICE_ATTR,MACHINE_ID,STATUS,HEARTBEAT_TIME,REMARK,CREATE_USER_ID,CREATE_TIME,LAST_UPDATE_USER_ID,LAST_UPDATE_TIME,SERVICE_VERSION,SERVICE_GROUP) VALUES ('c444cfd6da0f553aa1914f80ff6ba854', '23001', 'sbfwhot', '{}', '4f24ee1bc4415517b2a6b0c484b031f7', '1', NULL, NULL, '99999999', '1576287907830', '99999999', '1576287907830', '3.4', '人脸');
INSERT INTO CW_DE_SERVICE (SERVICE_ID,PORT,SERVICE_TYPE,SERVICE_ATTR,MACHINE_ID,STATUS,HEARTBEAT_TIME,REMARK,CREATE_USER_ID,CREATE_TIME,LAST_UPDATE_USER_ID,LAST_UPDATE_TIME,SERVICE_VERSION,SERVICE_GROUP) VALUES ('2c22ad8f5e64527a91e2ffb74a05a15d', '23001', 'sbfwhot', '{}', '39ef25edc0d45be48afaa3509ee2f13f', '1', NULL, NULL, '99999999', '1576287907830', '99999999', '1576287907830', '3.4', '人脸');
INSERT INTO CW_DE_SERVICE (SERVICE_ID,PORT,SERVICE_TYPE,SERVICE_ATTR,MACHINE_ID,STATUS,HEARTBEAT_TIME,REMARK,CREATE_USER_ID,CREATE_TIME,LAST_UPDATE_USER_ID,LAST_UPDATE_TIME,SERVICE_VERSION,SERVICE_GROUP) VALUES ('77c3094c270052f48aa83030428b8048', '23001', 'sbfwhot', '{}', '6024cf0ddfca55bcb2116d095a907ef5', '1', NULL, NULL, '99999999', '1576287907830', '99999999', '1576287907830', '3.4', '人脸');
INSERT INTO CW_DE_SERVICE (SERVICE_ID,PORT,SERVICE_TYPE,SERVICE_ATTR,MACHINE_ID,STATUS,HEARTBEAT_TIME,REMARK,CREATE_USER_ID,CREATE_TIME,LAST_UPDATE_USER_ID,LAST_UPDATE_TIME,SERVICE_VERSION,SERVICE_GROUP) VALUES ('0d8b72d65a04586799db70b41a3a9727', '23001', 'sbfwhot', '{}', 'ec4c1868adac5212aad76b85bc96b5a1', '1', NULL, NULL, '99999999', '1576287907830', '99999999', '1576287907830', '3.4', '人脸');
INSERT INTO CW_DE_SERVICE (SERVICE_ID,PORT,SERVICE_TYPE,SERVICE_ATTR,MACHINE_ID,STATUS,HEARTBEAT_TIME,REMARK,CREATE_USER_ID,CREATE_TIME,LAST_UPDATE_USER_ID,LAST_UPDATE_TIME,SERVICE_VERSION,SERVICE_GROUP) VALUES ('de111b54445e5321b8c46ae57096bd9a', '23001', 'sbfwhot', '{}', 'cca13aebc1a85d6987fec1a4e6835f2a', '1', NULL, NULL, '99999999', '1576287907830', '99999999', '1576287907830', '3.4', '人脸');
INSERT INTO CW_DE_SERVICE (SERVICE_ID,PORT,SERVICE_TYPE,SERVICE_ATTR,MACHINE_ID,STATUS,HEARTBEAT_TIME,REMARK,CREATE_USER_ID,CREATE_TIME,LAST_UPDATE_USER_ID,LAST_UPDATE_TIME,SERVICE_VERSION,SERVICE_GROUP) VALUES ('52953ed3a5be58269b337837e55ae3bf', '23001', 'sbfwhot', '{}', 'ad410072dce95f658f461610ed1dc900', '1', NULL, NULL, '99999999', '1576287907830', '99999999', '1576287907830', '3.4', '人脸');
INSERT INTO CW_DE_SERVICE (SERVICE_ID,PORT,SERVICE_TYPE,SERVICE_ATTR,MACHINE_ID,STATUS,HEARTBEAT_TIME,REMARK,CREATE_USER_ID,CREATE_TIME,LAST_UPDATE_USER_ID,LAST_UPDATE_TIME,SERVICE_VERSION,SERVICE_GROUP) VALUES ('f3489650818c5e36a422ece7b7e89041', '23001', 'sbfwhot', '{}', '9fbe7f083bce59ad9d285c8af3e0b606', '1', NULL, NULL, '99999999', '1576287907830', '99999999', '1576287907830', '3.4', '人脸');
INSERT INTO CW_DE_SERVICE (SERVICE_ID,PORT,SERVICE_TYPE,SERVICE_ATTR,MACHINE_ID,STATUS,HEARTBEAT_TIME,REMARK,CREATE_USER_ID,CREATE_TIME,LAST_UPDATE_USER_ID,LAST_UPDATE_TIME,SERVICE_VERSION,SERVICE_GROUP) VALUES ('8d2c8de01e0250248ebda69089243c02', '23001', 'sbfwhot', '{}', '2e0e0088ad46560996853034541c6f0a', '1', NULL, NULL, '99999999', '1576287907830', '99999999', '1576287907830', '3.4', '人脸');
INSERT INTO CW_DE_SERVICE (SERVICE_ID,PORT,SERVICE_TYPE,SERVICE_ATTR,MACHINE_ID,STATUS,HEARTBEAT_TIME,REMARK,CREATE_USER_ID,CREATE_TIME,LAST_UPDATE_USER_ID,LAST_UPDATE_TIME,SERVICE_VERSION,SERVICE_GROUP) VALUES ('e8a79cb562b755fba2a43f0d1490b525', '23001', 'sbfwhot', '{}', 'a6d758c0777152b2be821703ed566765', '1', NULL, NULL, '99999999', '1576287907830', '99999999', '1576287907830', '3.4', '人脸');
INSERT INTO CW_DE_SERVICE (SERVICE_ID,PORT,SERVICE_TYPE,SERVICE_ATTR,MACHINE_ID,STATUS,HEARTBEAT_TIME,REMARK,CREATE_USER_ID,CREATE_TIME,LAST_UPDATE_USER_ID,LAST_UPDATE_TIME,SERVICE_VERSION,SERVICE_GROUP) VALUES ('c20646a9c7e25563ac906edf9b683675', '23001', 'sbfwhot', '{}', 'dec05e5f94705f71afbeab2f9668de74', '1', NULL, NULL, '99999999', '1576287907830', '99999999', '1576287907830', '3.4', '人脸');
INSERT INTO CW_DE_SERVICE (SERVICE_ID,PORT,SERVICE_TYPE,SERVICE_ATTR,MACHINE_ID,STATUS,HEARTBEAT_TIME,REMARK,CREATE_USER_ID,CREATE_TIME,LAST_UPDATE_USER_ID,LAST_UPDATE_TIME,SERVICE_VERSION,SERVICE_GROUP) VALUES ('8ff88d4ad76455689c1af295e79a51b6', '23001', 'sbfwhot', '{}', 'c11febc2bb255de5803ed9c0a4cf842a', '1', NULL, NULL, '99999999', '1576287907830', '99999999', '1576287907830', '3.4', '人脸');
INSERT INTO CW_DE_SERVICE (SERVICE_ID,PORT,SERVICE_TYPE,SERVICE_ATTR,MACHINE_ID,STATUS,HEARTBEAT_TIME,REMARK,CREATE_USER_ID,CREATE_TIME,LAST_UPDATE_USER_ID,LAST_UPDATE_TIME,SERVICE_VERSION,SERVICE_GROUP) VALUES ('208b7dc1ca495768b5f7a60530e69e2c', '23001', 'sbfwhot', '{}', '5050c3a5bf1255f78274fc2dd38abe37', '1', NULL, NULL, '99999999', '1576287907830', '99999999', '1576287907830', '3.4', '人脸');
INSERT INTO CW_DE_SERVICE (SERVICE_ID,PORT,SERVICE_TYPE,SERVICE_ATTR,MACHINE_ID,STATUS,HEARTBEAT_TIME,REMARK,CREATE_USER_ID,CREATE_TIME,LAST_UPDATE_USER_ID,LAST_UPDATE_TIME,SERVICE_VERSION,SERVICE_GROUP) VALUES ('aec6b5ea3f725dad8ecf1b8c30b86de2', '23001', 'sbfwhot', '{}', 'e9c575a977a25e44949eb4ba83f0662f', '1', NULL, NULL, '99999999', '1576287907830', '99999999', '1576287907830', '3.4', '人脸');

--3.2初始人脸特征服务
INSERT INTO CW_DE_SERVICE (SERVICE_ID,PORT,SERVICE_TYPE,SERVICE_ATTR,MACHINE_ID,STATUS,HEARTBEAT_TIME,REMARK,CREATE_USER_ID,CREATE_TIME,LAST_UPDATE_USER_ID,LAST_UPDATE_TIME,SERVICE_VERSION,SERVICE_GROUP) VALUES ('fb7c318a077d59eab1d658c96c2dd9eb', '23011', 'tzfw', '{}', '6c216a02c55058a8bf230111ec249825', '1', NULL, NULL, '99999999', '1576287907830', '99999999', '1576287907830', '3.4', '人脸');
INSERT INTO CW_DE_SERVICE (SERVICE_ID,PORT,SERVICE_TYPE,SERVICE_ATTR,MACHINE_ID,STATUS,HEARTBEAT_TIME,REMARK,CREATE_USER_ID,CREATE_TIME,LAST_UPDATE_USER_ID,LAST_UPDATE_TIME,SERVICE_VERSION,SERVICE_GROUP) VALUES ('11c2c26986c4560ea1eadef7198fa5ea', '23011', 'tzfw', '{}', '200e2d138ad2522baef9ab525ec444bb', '1', NULL, NULL, '99999999', '1576287907830', '99999999', '1576287907830', '3.4', '人脸');
INSERT INTO CW_DE_SERVICE (SERVICE_ID,PORT,SERVICE_TYPE,SERVICE_ATTR,MACHINE_ID,STATUS,HEARTBEAT_TIME,REMARK,CREATE_USER_ID,CREATE_TIME,LAST_UPDATE_USER_ID,LAST_UPDATE_TIME,SERVICE_VERSION,SERVICE_GROUP) VALUES ('89902ede682e54c389197e6a685503e9', '23011', 'tzfw', '{}', 'be0c3abfeb4c56aa8d70768b96c87ae7', '1', NULL, NULL, '99999999', '1576287907830', '99999999', '1576287907830', '3.4', '人脸');
INSERT INTO CW_DE_SERVICE (SERVICE_ID,PORT,SERVICE_TYPE,SERVICE_ATTR,MACHINE_ID,STATUS,HEARTBEAT_TIME,REMARK,CREATE_USER_ID,CREATE_TIME,LAST_UPDATE_USER_ID,LAST_UPDATE_TIME,SERVICE_VERSION,SERVICE_GROUP) VALUES ('447d92ca876d50b48597c392e5a0803f', '23011', 'tzfw', '{}', '6b92333874ff5be7842acb56a7162876', '1', NULL, NULL, '99999999', '1576287907830', '99999999', '1576287907830', '3.4', '人脸');
INSERT INTO CW_DE_SERVICE (SERVICE_ID,PORT,SERVICE_TYPE,SERVICE_ATTR,MACHINE_ID,STATUS,HEARTBEAT_TIME,REMARK,CREATE_USER_ID,CREATE_TIME,LAST_UPDATE_USER_ID,LAST_UPDATE_TIME,SERVICE_VERSION,SERVICE_GROUP) VALUES ('1a8baf345111552f9e2aa4c3ed9ee48f', '23011', 'tzfw', '{}', 'fa7cea42c84457e98a2777b463d5a1e4', '1', NULL, NULL, '99999999', '1576287907830', '99999999', '1576287907830', '3.4', '人脸');
INSERT INTO CW_DE_SERVICE (SERVICE_ID,PORT,SERVICE_TYPE,SERVICE_ATTR,MACHINE_ID,STATUS,HEARTBEAT_TIME,REMARK,CREATE_USER_ID,CREATE_TIME,LAST_UPDATE_USER_ID,LAST_UPDATE_TIME,SERVICE_VERSION,SERVICE_GROUP) VALUES ('4f290de5e97d504c8dcb0d38f32e2e6f', '23011', 'tzfw', '{}', '3783358eaf3454a883af8a8d9b6ddd53', '1', NULL, NULL, '99999999', '1576287907830', '99999999', '1576287907830', '3.4', '人脸');
INSERT INTO CW_DE_SERVICE (SERVICE_ID,PORT,SERVICE_TYPE,SERVICE_ATTR,MACHINE_ID,STATUS,HEARTBEAT_TIME,REMARK,CREATE_USER_ID,CREATE_TIME,LAST_UPDATE_USER_ID,LAST_UPDATE_TIME,SERVICE_VERSION,SERVICE_GROUP) VALUES ('ec01f449379b56cca35c6f6c50468d76', '23011', 'tzfw', '{}', 'd75482a5fe5d59579116462e3c207c41', '1', NULL, NULL, '99999999', '1576287907830', '99999999', '1576287907830', '3.4', '人脸');
INSERT INTO CW_DE_SERVICE (SERVICE_ID,PORT,SERVICE_TYPE,SERVICE_ATTR,MACHINE_ID,STATUS,HEARTBEAT_TIME,REMARK,CREATE_USER_ID,CREATE_TIME,LAST_UPDATE_USER_ID,LAST_UPDATE_TIME,SERVICE_VERSION,SERVICE_GROUP) VALUES ('99262982744a51c29e331d5661c2369f', '23011', 'tzfw', '{}', 'bbe373b344595261b827e023103825e3', '1', NULL, NULL, '99999999', '1576287907830', '99999999', '1576287907830', '3.4', '人脸');
INSERT INTO CW_DE_SERVICE (SERVICE_ID,PORT,SERVICE_TYPE,SERVICE_ATTR,MACHINE_ID,STATUS,HEARTBEAT_TIME,REMARK,CREATE_USER_ID,CREATE_TIME,LAST_UPDATE_USER_ID,LAST_UPDATE_TIME,SERVICE_VERSION,SERVICE_GROUP) VALUES ('a021810968b058a8affb24786a9dd01c', '23011', 'tzfw', '{}', 'd64f149aba4f5d34b774f2192c2d7962', '1', NULL, NULL, '99999999', '1576287907830', '99999999', '1576287907830', '3.4', '人脸');
INSERT INTO CW_DE_SERVICE (SERVICE_ID,PORT,SERVICE_TYPE,SERVICE_ATTR,MACHINE_ID,STATUS,HEARTBEAT_TIME,REMARK,CREATE_USER_ID,CREATE_TIME,LAST_UPDATE_USER_ID,LAST_UPDATE_TIME,SERVICE_VERSION,SERVICE_GROUP) VALUES ('1f23f67157335b4f8f97d11fc4f6e597', '23011', 'tzfw', '{}', '315b0060dd8d5fc7be90f9fe24b4cd2d', '1', NULL, NULL, '99999999', '1576287907830', '99999999', '1576287907830', '3.4', '人脸');
INSERT INTO CW_DE_SERVICE (SERVICE_ID,PORT,SERVICE_TYPE,SERVICE_ATTR,MACHINE_ID,STATUS,HEARTBEAT_TIME,REMARK,CREATE_USER_ID,CREATE_TIME,LAST_UPDATE_USER_ID,LAST_UPDATE_TIME,SERVICE_VERSION,SERVICE_GROUP) VALUES ('4e6f51be0471599e897d961b23a84704', '23011', 'tzfw', '{}', '5d35da150587564e864eb31cd2503314', '1', NULL, NULL, '99999999', '1576287907830', '99999999', '1576287907830', '3.4', '人脸');
INSERT INTO CW_DE_SERVICE (SERVICE_ID,PORT,SERVICE_TYPE,SERVICE_ATTR,MACHINE_ID,STATUS,HEARTBEAT_TIME,REMARK,CREATE_USER_ID,CREATE_TIME,LAST_UPDATE_USER_ID,LAST_UPDATE_TIME,SERVICE_VERSION,SERVICE_GROUP) VALUES ('3d540f617430592d9d89c45065917ed2', '23011', 'tzfw', '{}', 'bb784c23484b5a39a7859880e19f7201', '1', NULL, NULL, '99999999', '1576287907830', '99999999', '1576287907830', '3.4', '人脸');
INSERT INTO CW_DE_SERVICE (SERVICE_ID,PORT,SERVICE_TYPE,SERVICE_ATTR,MACHINE_ID,STATUS,HEARTBEAT_TIME,REMARK,CREATE_USER_ID,CREATE_TIME,LAST_UPDATE_USER_ID,LAST_UPDATE_TIME,SERVICE_VERSION,SERVICE_GROUP) VALUES ('6c232b5bb6f358eb805ab606c5d39ea0', '23011', 'tzfw', '{}', 'f4f1bd6a29d85a2d9b4c930d9bd36589', '1', NULL, NULL, '99999999', '1576287907830', '99999999', '1576287907830', '3.4', '人脸');
INSERT INTO CW_DE_SERVICE (SERVICE_ID,PORT,SERVICE_TYPE,SERVICE_ATTR,MACHINE_ID,STATUS,HEARTBEAT_TIME,REMARK,CREATE_USER_ID,CREATE_TIME,LAST_UPDATE_USER_ID,LAST_UPDATE_TIME,SERVICE_VERSION,SERVICE_GROUP) VALUES ('f3c0fe2bffff535b9bcd931eeb0962e9', '23011', 'tzfw', '{}', '6e5e0e2e7fb75d48b382a479f8886f04', '1', NULL, NULL, '99999999', '1576287907830', '99999999', '1576287907830', '3.4', '人脸');
INSERT INTO CW_DE_SERVICE (SERVICE_ID,PORT,SERVICE_TYPE,SERVICE_ATTR,MACHINE_ID,STATUS,HEARTBEAT_TIME,REMARK,CREATE_USER_ID,CREATE_TIME,LAST_UPDATE_USER_ID,LAST_UPDATE_TIME,SERVICE_VERSION,SERVICE_GROUP) VALUES ('5fcc02be12f65ec59985af3cd3e74436', '23011', 'tzfw', '{}', '214687294dbe5c0683ab1bd4415678b8', '1', NULL, NULL, '99999999', '1576287907830', '99999999', '1576287907830', '3.4', '人脸');
INSERT INTO CW_DE_SERVICE (SERVICE_ID,PORT,SERVICE_TYPE,SERVICE_ATTR,MACHINE_ID,STATUS,HEARTBEAT_TIME,REMARK,CREATE_USER_ID,CREATE_TIME,LAST_UPDATE_USER_ID,LAST_UPDATE_TIME,SERVICE_VERSION,SERVICE_GROUP) VALUES ('ba911899e9965aef8ec10e135f750420', '23011', 'tzfw', '{}', 'b004eb0239095591a388a4f9f12d5eaf', '1', NULL, NULL, '99999999', '1576287907830', '99999999', '1576287907830', '3.4', '人脸');
INSERT INTO CW_DE_SERVICE (SERVICE_ID,PORT,SERVICE_TYPE,SERVICE_ATTR,MACHINE_ID,STATUS,HEARTBEAT_TIME,REMARK,CREATE_USER_ID,CREATE_TIME,LAST_UPDATE_USER_ID,LAST_UPDATE_TIME,SERVICE_VERSION,SERVICE_GROUP) VALUES ('bba20db7172d525abdb639641a1d00e4', '23011', 'tzfw', '{}', '4525109955895ba6b433fe9ba5802085', '1', NULL, NULL, '99999999', '1576287907830', '99999999', '1576287907830', '3.4', '人脸');
INSERT INTO CW_DE_SERVICE (SERVICE_ID,PORT,SERVICE_TYPE,SERVICE_ATTR,MACHINE_ID,STATUS,HEARTBEAT_TIME,REMARK,CREATE_USER_ID,CREATE_TIME,LAST_UPDATE_USER_ID,LAST_UPDATE_TIME,SERVICE_VERSION,SERVICE_GROUP) VALUES ('17ad4a7216315c4ea1d8d7a263806a74', '23011', 'tzfw', '{}', 'c42958d6f56e560c9eb6a6b414a81f6f', '1', NULL, NULL, '99999999', '1576287907830', '99999999', '1576287907830', '3.4', '人脸');
INSERT INTO CW_DE_SERVICE (SERVICE_ID,PORT,SERVICE_TYPE,SERVICE_ATTR,MACHINE_ID,STATUS,HEARTBEAT_TIME,REMARK,CREATE_USER_ID,CREATE_TIME,LAST_UPDATE_USER_ID,LAST_UPDATE_TIME,SERVICE_VERSION,SERVICE_GROUP) VALUES ('ae9c9ef424315803866919a9d11e023f', '23011', 'tzfw', '{}', '2e896aff794d5e4090b94c9dd6f6547c', '1', NULL, NULL, '99999999', '1576287907830', '99999999', '1576287907830', '3.4', '人脸');
INSERT INTO CW_DE_SERVICE (SERVICE_ID,PORT,SERVICE_TYPE,SERVICE_ATTR,MACHINE_ID,STATUS,HEARTBEAT_TIME,REMARK,CREATE_USER_ID,CREATE_TIME,LAST_UPDATE_USER_ID,LAST_UPDATE_TIME,SERVICE_VERSION,SERVICE_GROUP) VALUES ('81ff28e77fdd57ed91aa3414c6eb1b90', '23011', 'tzfw', '{}', '578279b8caf6534ebd1f2ec39fbf405b', '1', NULL, NULL, '99999999', '1576287907830', '99999999', '1576287907830', '3.4', '人脸');
